<?xml version="1.0" encoding="UTF-8" ?>
<extension type="package" version="1.6">
	<name>J4Schema Package</name>
	<packagename>j4schema</packagename>
	<version>2.6</version>
	<url>http://www.fabbricabinaria.it/</url>
	<description>J4Schema package</description>

    <scriptfile>script.pkg_j4schema.php</scriptfile>

	<files folder="packages">
		<file type="component" id="com_j4schema" >com_j4schema.zip</file>
		<file type="plugin" id="plg_j4schema_cleanup" group="system">plg_j4schema_cleanup.zip</file>
        <file type="library" id="lib_fof">lib_fof.zip</file>
	</files>
</extension>